Store_ID,Company,City,Weekly_Total_Book_Sales,Post_Apocalyptic_Weekly_Sales,Weekly_Revenue,Weekly_Profit
236d7d00-11dd-4e99-bbfe-8bec50feb35d,Waterstones,Haynesville,530,63.599999999999994,826.164,289.1574
ce67b50d-0327-4243-984f-6464d8e9ee5f,Waterstones,Dawsonton,952,114.24,1483.9776,519.39216
16512b34-8dc3-40c9-a895-93e1f1eae01e,Waterstones,Sharonmouth,1135,136.2,1769.2379999999998,619.2332999999999
3ad89379-eb0c-4b89-a445-df084b3c5a99,Waterstones,Port Sally,861,103.32,1342.1268,469.74438
018a5b58-d7c4-4440-b66f-0428c175c8bd,Waterstones,North Stephanie,591,70.92,921.2508,322.43778
722503c1-459e-48e8-a6c2-0150d600fc06,Waterstones,Maryhaven,508,60.96,791.8704,277.15464
7c6ceae0-d245-4c3f-9034-892f0988f8c2,Waterstones,Amandahaven,514,61.68,801.2232,280.42812
bbe9234e-247f-4abf-8494-0f0b95469415,Waterstones,Turnerton,776,93.11999999999999,1209.6288,423.37008
f2805f63-f751-43ae-a960-394d011cbde9,Waterstones,Janehaven,780,93.6,1215.864,425.5524
3ee3e5a3-6faf-42bc-afd7-bef3e100ed3b,Waterstones,Joshualand,924,110.88,1440.3311999999999,504.1159199999999
20887af4-0122-45c0-b56b-2132ce8375f6,Waterstones,West Fionaville,662,79.44,1031.9256,361.17395999999997
572e83bc-7f27-4c93-98a1-4db5d4c9d996,Waterstones,Joelside,971,116.52,1513.5948,529.75818
c027787b-796f-442d-b858-d3c9d190d0e8,Waterstones,Patelfort,673,80.75999999999999,1049.0723999999998,367.1753399999999
35dec2b0-8bfc-4a68-942d-ad7e6d175097,Waterstones,Lake Sara,1034,124.08,1611.7992,564.1297199999999
2b84c24c-1345-4c60-8f7a-8490daaadf83,Waterstones,Samuelhaven,919,110.28,1432.5372,501.38802
aa4cc3f8-730d-41cb-8bf5-4c509afacd73,Waterstones,Holdenville,624,74.88,972.6912,340.44192
b0181cb7-b253-4ca1-9bf3-68d6df043adc,Waterstones,Rosiestad,1122,134.64,1748.9735999999998,612.1407599999999
1ebd6e2a-33b5-4f41-8bca-c4d36788dc60,Waterstones,Lake Normanview,1025,123.0,1597.77,559.2194999999999
16e7305a-a626-474d-b579-37b97f529515,Waterstones,Pricebury,568,68.16,885.3983999999999,309.88944
31362582-1be2-4e7d-9ff6-c94444b50ebc,Waterstones,Bondport,737,88.44,1148.8355999999999,402.09245999999996
c8918782-302d-41de-86dd-ccd33c99ef8d,Waterstones,West Amelia,1092,131.04,1702.2096,595.7733599999999
ab5c6a44-9f9d-47d5-be68-4c517d0d7ca7,Waterstones,Jenkinsburgh,621,74.52,968.0147999999999,338.80517999999995
1b8cad97-8aba-4291-a3fa-b516642d3696,Waterstones,South Mathew,832,99.84,1296.9216000000001,453.92256000000003
45716282-66de-4c38-bab6-82c48cb7411c,Waterstones,New Geraldchester,1018,122.16,1586.8584,555.40044
60794ae4-e86b-4c3c-8f17-c66de996970f,Waterstones,Parkerstad,1151,138.12,1794.1788000000001,627.96258
2deceed8-bd7e-47fb-835a-7fe111ff7d9b,Waterstones,New Harryshire,624,74.88,972.6912,340.44192
1af420e6-fd78-4a11-bc7e-f80bffbfa249,Waterstones,Port Tomhaven,1177,141.23999999999998,1834.7075999999997,642.1476599999999
c2285d08-8c67-4bdb-9be2-b42ff6293695,Waterstones,South Aaron,1168,140.16,1820.6784,637.23744
6f5b5a98-8acb-4a20-bae7-704fbcc2512c,Waterstones,Port Sarahside,861,103.32,1342.1268,469.74438
ca477483-50c7-4ae4-bb26-794aafaa82f9,Waterstones,East Jamieton,988,118.56,1540.0944,539.0330399999999
f80a59fc-c247-44ce-8867-6d58e513044f,Waterstones,Clarkview,1066,127.92,1661.6808,581.5882799999999
1a6bbc5e-e9ea-45a3-8e48-a3ec46baf67e,Waterstones,West Marc,882,105.83999999999999,1374.8616,481.20156
fc963b3b-0e28-4985-94e6-bdf317c222e3,Waterstones,Clivemouth,891,106.92,1388.8908000000001,486.11178
99da06b8-84ef-4faf-a99d-d4bf126ec43b,Waterstones,Claytonberg,1061,127.32,1653.8868,578.86038
1356beb4-7f09-4451-a294-232bc5861ddf,Waterstones,East Benjamin,729,87.47999999999999,1136.3652,397.72781999999995
54de9586-78eb-4e0a-a438-962a175cfd63,Waterstones,Lake Christianland,822,98.64,1281.3336,448.46675999999997
4ffb266e-d729-45f5-90d4-8853ffc3889d,Waterstones,Janetmouth,834,100.08,1300.0392,455.0137199999999
4c2cfe6e-87dc-4969-9839-0e2630a1a47a,Waterstones,Lake Nathan,719,86.28,1120.7772,392.27202
087eacff-9fda-4bb5-8f10-5f5c42a117b6,Waterstones,Lake Jodieview,1035,124.19999999999999,1613.358,564.6753
5ec2c414-496b-4d2c-8998-bdef25d7a810,Waterstones,South Antonyburgh,847,101.64,1320.3036,462.10625999999996
93964cc5-775f-441b-aaef-853f1bd7403f,Waterstones,Wyattbury,952,114.24,1483.9776,519.39216
ed8d63f7-6264-4a7b-9d29-821f6a4340bc,Waterstones,Kingland,885,106.2,1379.538,482.83829999999995
8d767578-4aa2-48bc-af7d-e9d9b94d1594,Waterstones,West Stuart,929,111.47999999999999,1448.1252,506.84381999999994
ab396f29-e7e5-462f-a817-07c0238a21b4,Waterstones,West Kathrynburgh,1058,126.96,1649.2104,577.2236399999999
edc9d9e1-0666-4c20-8ae4-95ec13f9bfc9,Waterstones,East Tom,1034,124.08,1611.7992,564.1297199999999
79268878-151e-4417-9ec6-3aa8f9d185e3,Waterstones,Turnertown,863,103.56,1345.2444,470.83554
e30ea5e1-27c1-4632-a0d0-07b59a75ba26,Waterstones,Gerardchester,950,114.0,1480.8600000000001,518.301
9893940e-37a1-4fdd-9461-b800623033ee,Waterstones,Alexandraville,854,102.47999999999999,1331.2151999999999,465.92531999999994
e3616436-7bd5-4615-b190-dd1b4cab90ee,Waterstones,North Nicoleville,934,112.08,1455.9192,509.57171999999997
22854bc4-eb84-4bf3-ba5f-8c5321b1b3a8,Waterstones,Dawsonburgh,615,73.8,958.662,335.5317
be435225-24c4-4237-b5aa-b1d855934ff8,Waterstones,Lake Shaun,1062,127.44,1655.4456,579.4059599999999
76a41ab1-7eb3-4caf-814b-a43ee83faf8d,Waterstones,Ronaldberg,1185,142.2,1847.1779999999999,646.5122999999999
f119122a-cdb5-4a21-be23-2b88b189b881,Waterstones,Port Geraldine,730,87.6,1137.924,398.2734
54c06578-ff1a-425d-afe9-d69f2714badd,Waterstones,South Ritamouth,743,89.16,1158.1884,405.36593999999997
7b561d0c-b563-44cc-b0ed-30dfd2d01e10,Waterstones,North Deanport,570,68.39999999999999,888.5159999999998,310.9805999999999
eaa62a60-0bc4-4fcf-bc73-12de9adb854f,Waterstones,East Callum,704,84.47999999999999,1097.3952,384.08831999999995
079ff7f8-360c-4340-920a-05d4fb117b55,Waterstones,South Kennethburgh,561,67.32,874.4867999999999,306.07037999999994
a91ad978-2eb4-40f5-a5c6-121db0a9e8cb,Waterstones,East Julian,740,88.8,1153.512,403.72919999999993
10cbaba7-1248-4e2b-b0fd-12133ffc18a6,Waterstones,Jayshire,1148,137.76,1789.5023999999999,626.3258399999999
3f78b244-68f5-457c-9af6-2209905edce8,Waterstones,Lindseyton,590,70.8,919.692,321.8922
1f1ce8f7-1118-4f70-ad5d-e3a71b0de20d,Waterstones,Swiftfort,1031,123.72,1607.1228,562.49298
698aeee9-3d40-4ab0-bc15-43e024dd532a,Waterstones,Beverleyberg,508,60.96,791.8704,277.15464
12e27555-f475-420a-be3c-58bc43eeb869,Waterstones,Lake Denisland,899,107.88,1401.3612,490.47641999999996
6202b293-6718-4cf8-90a0-76e54974c7f7,Waterstones,Guyfort,628,75.36,978.9264000000001,342.62424
eba61c8e-52d3-408f-9990-1d58f83ca88a,Waterstones,Prestonfurt,632,75.84,985.1616,344.80656
e3a4d7a5-7991-449d-97de-e6ec158c805f,Waterstones,Lloydshire,872,104.64,1359.2736,475.74575999999996
035947ca-ea29-4724-9d50-93dbfd9b2a38,Waterstones,Simonstad,1086,130.32,1692.8568,592.49988
0da9b585-e254-4013-bd5e-37ce905bc808,Waterstones,Christineside,610,73.2,950.868,332.8038
c917a9ec-5562-4634-b243-acd2fb956ffa,Waterstones,Burgessshire,644,77.28,1003.8672,351.35352
6f41e719-204f-405a-95ab-e42fd0a70276,Waterstones,Jennafurt,726,87.11999999999999,1131.6888,396.0910799999999
14370010-6d42-4773-81fe-df825c2d5de5,Waterstones,East Conor,967,116.03999999999999,1507.3596,527.5758599999999
f08f6641-1ed2-4022-a73e-0ee2bef9015d,Waterstones,Chambersville,763,91.56,1189.3644000000002,416.27754000000004
ad488390-06ff-4715-8d28-268dc0794af1,Waterstones,Port Jaynefort,1137,136.44,1772.3556,620.32446
07aa21c1-22ac-42c8-9669-e08c2bff1bae,Waterstones,Karenland,707,84.84,1102.0716,385.72506
0c467465-65c2-4738-b774-590873a7b436,Waterstones,West Josephhaven,581,69.72,905.6628,316.98197999999996
71f7ec21-ca2b-4f84-acbf-c3062ef40100,Waterstones,Clarkeview,509,61.08,793.4292,277.70022
c0e3446e-90cc-4960-b957-3db716860657,Waterstones,Gregorymouth,845,101.39999999999999,1317.186,461.01509999999996
f7697012-3383-4efd-8085-58422a8883c1,Waterstones,Port Craigville,971,116.52,1513.5948,529.75818
c2dc7c21-2e29-49cc-ac60-f86f87de78b1,Waterstones,Andersonbury,793,95.16,1236.1284,432.64494
d5478d17-1c24-4573-afa0-fdb193cbafdd,Waterstones,Wilsonbury,613,73.56,955.5444,334.44054
a9b627ea-8a23-431c-9778-62553a60b136,Waterstones,Chelseaborough,549,65.88,855.7811999999999,299.52341999999993
b11fbaca-90ad-4168-9f2d-952880605c6b,Waterstones,Burtonhaven,769,92.28,1198.7172,419.55102
694c6d28-585d-4f24-87f8-3e564a5fa2f9,Waterstones,Anthonyburgh,995,119.39999999999999,1551.0059999999999,542.8521
4a6aff09-1786-4abf-ac10-febd22e8f20f,Waterstones,Port Abdul,854,102.47999999999999,1331.2151999999999,465.92531999999994
7004cbe4-716f-4095-9f7e-d59f305e8c70,Waterstones,Wilkinsville,629,75.48,980.4852000000001,343.16982
69e3fc6b-9258-47ea-99f5-76615ec3dfa9,Waterstones,Rickyville,810,97.2,1262.6280000000002,441.9198
c5b71395-837d-4bd7-9c5b-0ede4cb2fa1c,Waterstones,New Rachel,1016,121.92,1583.7408,554.30928
d6e3e9df-4258-4db9-b47c-0a73f460a2e8,Waterstones,Jacktown,544,65.28,847.9872,296.79552
f02efc4b-5f97-48c7-9cf6-4441cf47fc1f,Waterstones,West Kathleenfort,1154,138.48,1798.8552,629.5993199999999
13b29c91-8e78-4b7a-a5f7-3099ef06b7c3,Waterstones,West Robertside,1103,132.35999999999999,1719.3564,601.77474
4422b3c0-6313-4ed8-92a2-c6e1264e40c2,Waterstones,Lewismouth,948,113.75999999999999,1477.7423999999999,517.2098399999999
808e440e-8711-4087-9244-e9beef0ee510,Waterstones,Jeanville,501,60.12,780.9588,273.33558
5efefde3-d3ae-4174-9cd5-bfb0f1337b9a,Waterstones,North Ronald,696,83.52,1084.9248,379.72368
24cd7a3d-e276-4668-8b5d-bd04645a5e76,Waterstones,Jakeville,596,71.52,929.0448,325.16568
82d65568-0e31-49dc-b539-7dfe1c42db21,Waterstones,Eleanortown,540,64.8,841.752,294.61319999999995
8c46b5d7-ba8d-479e-af0b-d78ea77a5b1c,Waterstones,Port Aaronberg,862,103.44,1343.6856,470.28995999999995
e0d3cb92-a9ef-4dbb-a455-5e96640d5acd,Waterstones,New Leahland,1095,131.4,1706.8860000000002,597.4101
20545792-feab-48b4-9f40-00491e0bee3b,Waterstones,Pearsonport,1101,132.12,1716.2388,600.68358
ae47d2c5-b4af-455a-a718-faf226e6fb68,Waterstones,Lake Kellyton,778,93.36,1212.7464,424.46124
c5aa5251-f612-40f6-b1a5-36c49d5fc3b6,Waterstones,Boothbury,582,69.84,907.2216000000001,317.52756
ef0e0ebc-ea42-4626-adc3-f27fb76055c9,Waterstones,East Lynne,982,117.83999999999999,1530.7415999999998,535.75956
d5151639-4cca-4774-b844-117e7291f67b,Waterstones,Tomshire,860,103.2,1340.568,469.19879999999995
4ea057e4-2067-4867-99b1-417f3b1474e3,Waterstones,Priceborough,678,81.36,1056.8664,369.90324000000004
3f62a92d-d56d-49e9-bdd6-e1ba8dcae7ee,Waterstones,Hudsonborough,641,76.92,999.1908000000001,349.71678
45457928-9c56-443d-acb0-4d57060036fe,Waterstones,Aimeefurt,853,102.36,1329.6564,465.37973999999997
b22d5a60-ba83-4e0f-8275-bae175ef84e0,Waterstones,North Elliotland,579,69.48,902.5452,315.89081999999996
e2e632d2-e8ac-4674-bbf3-91019c3ad318,Waterstones,North Dale,1165,139.79999999999998,1816.0019999999997,635.6006999999998
d882343b-cd90-4f92-834a-f868b60bfc67,Waterstones,Port Hilary,1047,125.64,1632.0636,571.2222599999999
95350872-0340-4033-81ec-140ae25f0f56,Waterstones,South Elliott,1146,137.51999999999998,1786.3847999999998,625.2346799999999
e5389571-0709-46a5-85d0-d0c1b1fed82c,Waterstones,Smithville,1093,131.16,1703.7684,596.3189399999999
b2aff480-14bf-4395-b39e-8abf13e21726,Waterstones,Joannaburgh,995,119.39999999999999,1551.0059999999999,542.8521
adcca6ec-170d-4f11-b884-15dcf1572e56,Waterstones,West Kirsty,545,65.39999999999999,849.5459999999999,297.3411
77634b32-216c-40e7-8e47-af9e34e4405c,Waterstones,South Seanland,1132,135.84,1764.5616,617.59656
3e623316-ccce-45c5-8951-efa78a13be0c,Waterstones,East Kateburgh,853,102.36,1329.6564,465.37973999999997
64f5a136-2086-43e9-afeb-1cc56c603c39,Waterstones,Priceside,681,81.72,1061.5428,371.53997999999996
a4100ea3-3028-4cf6-b7a7-84f65e7e438e,Waterstones,South Arthur,933,111.96,1454.3604,509.02614
20da2597-8584-40ef-9299-f83819e64aa4,Waterstones,Michaelberg,804,96.47999999999999,1253.2751999999998,438.6463199999999
99df6ca5-783a-46fa-bd42-9126476ed12d,Waterstones,West Holly,598,71.75999999999999,932.1623999999999,326.25683999999995
ff0fdbdf-df95-4be3-9282-05046b1e6fe5,Waterstones,North Oliver,1198,143.76,1867.4424,653.60484
61c6a77a-21c6-4261-a30e-ace223b1b9cc,Waterstones,East Sian,969,116.28,1510.4772,528.66702
8ff225b9-a977-417d-b7f0-c558d22babea,Waterstones,Leanneville,655,78.6,1021.0139999999999,357.35489999999993
29b46aa5-51d6-46b9-a6f2-b78e9c87115e,Waterstones,West Leon,1175,141.0,1831.59,641.0564999999999
20d59549-e20a-4d2a-bff3-0cbfda3452d3,Waterstones,Hendersonstad,1141,136.92,1778.5908,622.5067799999999
55c1cea1-7cd5-4b83-8e28-f66c0fa7444a,Waterstones,South Amymouth,1102,132.24,1717.7976,601.22916
9032e6e3-39bc-4b9f-88ab-56976daac804,Waterstones,South Leannehaven,811,97.32,1264.1868,442.46538
3e34f7da-ff95-4592-a088-f42b4b3ae4b4,Waterstones,South Iainberg,686,82.32,1069.3368,374.26788
e5b467bd-5610-4feb-a8ec-0daaad465aec,Waterstones,Lake Catherineland,699,83.88,1089.6012,381.36042
99d6fc98-89a7-43e2-b42d-12d1b8916041,Waterstones,Lake Scott,663,79.56,1033.4844,361.71954
1b2744a4-ec17-47e5-86e5-2bf4334339f7,Waterstones,Stephanieside,950,114.0,1480.8600000000001,518.301
b69a344f-7ee3-4e11-bf15-523e91e9971c,Waterstones,North Joshua,1072,128.64,1671.0335999999998,584.8617599999999
f8dc2a67-b4af-4055-8b2a-3141f34ce666,Waterstones,Jayneshire,585,70.2,911.898,319.16429999999997
390286a2-5f5b-4be6-847c-e17eb527c826,Waterstones,West Rachelland,1191,142.92,1856.5307999999998,649.7857799999999
a84af03c-b830-484d-acc2-da9bb3db1b68,Waterstones,Barkerport,1007,120.83999999999999,1569.7115999999999,549.39906
7839cc1e-c1df-40b2-9e90-cb4139366d41,Waterstones,Mitchellborough,659,79.08,1027.2492,359.53722
6cfb1d0f-2a8a-461b-b8ed-b23ce176d825,Waterstones,Conwayport,659,79.08,1027.2492,359.53722
3e4a6178-4b28-427d-9c1f-f6d97a472d2a,Waterstones,North Sylvia,612,73.44,953.9856,333.89495999999997
175ea518-8488-4ada-b522-baccee9c1153,Waterstones,Fionashire,599,71.88,933.7212,326.80242
bf96d0f3-39ae-4a23-ae2c-4a8f4b4b2d1f,Waterstones,Lake Carlborough,589,70.67999999999999,918.1331999999999,321.3466199999999
b8b20ad4-7c8c-4413-946f-5c6fe1f1a0c2,Waterstones,East Kimberleyport,803,96.36,1251.7164,438.10074
8b2bf3ba-58c6-4e86-8fe9-f43eb93641ae,Waterstones,Kimberleystad,759,91.08,1183.1292,414.09522
ad748a1c-96ab-40d2-b7ef-d065047fbaac,Waterstones,Clarebury,1153,138.35999999999999,1797.2964,629.05374
82c711c0-f096-4a6c-836e-0a890c508fd6,Waterstones,Simmonstown,831,99.72,1295.3628,453.37698
96f4f226-af86-4c82-85fa-52771ebfc73a,Waterstones,East Iain,863,103.56,1345.2444,470.83554
ff3e3720-7982-45a2-9563-4c8949fd5546,Waterstones,West Joannaport,703,84.36,1095.8364,383.5427399999999
006d666e-e9d8-4c95-a6af-adf12f8b5bc3,Waterstones,East Alexanderchester,630,75.6,982.044,343.7154
0b6f7524-c865-4368-8b1c-41b22b7da9b2,Waterstones,Ahmedmouth,695,83.39999999999999,1083.366,379.1781
a988ee1a-60e7-44e2-b938-698926f34f23,Waterstones,Lauramouth,565,67.8,880.722,308.25269999999995
c7602fe8-5cb7-41d6-bfa8-e9f00b7327a6,Waterstones,Masonhaven,1044,125.28,1627.3872000000001,569.58552
259bc1d9-477d-4388-be60-506a9515d7d5,Waterstones,West Elizabeth,869,104.28,1354.5972,474.10901999999993
9d05d1b5-4687-464e-afa1-89b9875ef9aa,Waterstones,Kaystad,1045,125.39999999999999,1628.946,570.1311
905f402f-fc19-4456-83de-2acd7669ffb8,Waterstones,Lake Michael,1056,126.72,1646.0928000000001,576.13248
8e6313b7-035b-4a41-82fb-a7fa16997b7e,Waterstones,North Shirley,667,80.03999999999999,1039.7196,363.90185999999994
b8a0b28c-4a2f-4d65-bc2b-21366d8d9908,Waterstones,East Terenceburgh,774,92.88,1206.5112,422.27891999999997
84931834-0dae-4f01-ad67-cbc0020e94ee,Waterstones,Deanside,991,118.92,1544.7708,540.66978
0fe5c686-ddce-4906-9fb9-f562fdf8e659,Waterstones,Youngland,641,76.92,999.1908000000001,349.71678
207dfa22-6119-4239-a807-eacd0e5e3cbb,Waterstones,Robinsonfort,998,119.75999999999999,1555.6824,544.48884
d3c36d24-e616-45fe-a657-2d458f3c34cc,Waterstones,South Guy,725,87.0,1130.13,395.5455
f1d031c7-9692-4871-902f-b56e423bad21,Waterstones,Edwardborough,550,66.0,857.34,300.069
948909d4-d822-4be3-8222-2c1ced427673,Waterstones,South Jessicashire,502,60.239999999999995,782.5175999999999,273.88115999999997
0ebbe119-fab6-4abd-b00a-283e6009dbd1,Waterstones,Port Diana,771,92.52,1201.8347999999999,420.64217999999994
9cda6a6e-1ac0-44b5-a821-053c3fdf1627,Waterstones,Lydiahaven,756,90.72,1178.4528,412.45848
4c041a75-63c0-437a-bbf6-c2864972ff62,Waterstones,East Paulaville,852,102.24,1328.0976,464.83416
8ed58725-f606-481e-8cd2-033df2e70216,Waterstones,Mayhaven,1075,129.0,1675.71,586.4984999999999
1c9aea63-f8a5-47d5-bfb8-fe22cc73af11,Waterstones,West Melissa,1199,143.88,1869.0012,654.1504199999999
46edfd72-92ca-4a48-b505-11cda9d3fe2a,Waterstones,Coopermouth,849,101.88,1323.4212,463.19741999999997
16c14b68-9897-4eb5-ba12-bbda3a923650,Waterstones,Lake Justinchester,597,71.64,930.6036,325.71126
64db80a7-9094-43e1-84c4-01373153948f,Waterstones,Jillport,885,106.2,1379.538,482.83829999999995
b15dad2a-a1c1-4161-b9ea-ebcea19aaea2,Waterstones,Smithburgh,770,92.39999999999999,1200.2759999999998,420.0965999999999
ca8d32d7-2cae-4e39-9317-e12b87668d0a,Waterstones,Hussainberg,672,80.64,1047.5136,366.62976
d251ecbf-4e42-4e19-856f-20ff2c2053ec,Waterstones,Lake Holly,538,64.56,838.6344,293.52204
f8ead1b4-f55d-4d04-9b3c-955428da985d,Waterstones,Evansborough,981,117.72,1529.1828,535.21398
c0c461b0-8512-4f34-b434-8e21a577500e,Waterstones,Lake Gerald,643,77.16,1002.3084,350.80794
ff2ffbef-8c08-41b9-9609-b990130388d1,Waterstones,South Albertchester,784,94.08,1222.0992,427.73472000000004
939d193b-e192-4b8c-a944-9dd728450d50,Waterstones,Lake Roger,573,68.75999999999999,893.1923999999999,312.61733999999996
0fef57d3-e161-45d2-a833-dd144d600261,Waterstones,Glennborough,687,82.44,1070.8956,374.81346
ec15941c-7fce-4039-b8d5-797aac987ed7,Waterstones,Hazelberg,818,98.16,1275.0984,446.28444
0d032bf6-7256-4c14-9d11-47485ae77321,Waterstones,Lake Kirsty,1036,124.32,1614.9168,565.22088
a1ff9745-d0a3-4128-b2b2-5154d52642d2,Waterstones,Kathleenchester,892,107.03999999999999,1390.4496,486.6573599999999
dac6d527-d5d6-40f1-b519-e8b5b51624ae,Waterstones,Sharpton,737,88.44,1148.8355999999999,402.09245999999996
6d5937f2-e489-4b6f-aa26-d394c453ba25,Waterstones,Johnland,1191,142.92,1856.5307999999998,649.7857799999999
29893ac0-58a6-4a03-83a0-fc9b09bd877f,Waterstones,Holmesstad,894,107.28,1393.5672,487.7485199999999
e4850480-3cae-4fe1-9eea-446575892895,Waterstones,West Jack,691,82.92,1077.1308000000001,376.99578
43c27ae8-c4a3-4d52-b9f3-5003c8469795,Waterstones,Amyville,715,85.8,1114.542,390.08969999999994
adfeb219-ce3e-4891-83d9-da4327f3832c,Waterstones,New Gerardmouth,717,86.03999999999999,1117.6596,391.18085999999994
4c4119ff-0778-4346-b2c9-83fef5e7bb39,Waterstones,Thorntonfort,650,78.0,1013.22,354.627
fde17e5d-612b-4386-a099-39e5abe97f87,Waterstones,New Kimberley,564,67.67999999999999,879.1632,307.70712
e7cce036-df54-44a5-aa95-62335c6a8403,Waterstones,Donaldland,766,91.92,1194.0408,417.91427999999996
8341d7fa-e6eb-4db5-8006-12d5585d08cd,Waterstones,West Gerardbury,819,98.28,1276.6572,446.83002
1672175c-19e2-47bb-9718-f10372c0d993,Waterstones,East Benjaminport,515,61.8,802.7819999999999,280.97369999999995
26cf81e7-7813-4247-bc5c-a8f00d22572f,Waterstones,Clarkeport,505,60.599999999999994,787.194,275.51789999999994
74b38a7a-20bc-4662-b53e-cf052fe17c0f,Waterstones,South Ann,1120,134.4,1745.856,611.0495999999999
9a839712-803e-4526-adff-b2d96662bddf,Waterstones,Lake Rebeccabury,863,103.56,1345.2444,470.83554
e9ec15fb-d3ae-4680-96dd-aaf7465ddb89,Waterstones,Turnermouth,759,91.08,1183.1292,414.09522
300eb0b7-4ca1-4f82-a9ce-950bd3b2e6e5,Waterstones,Alexanderland,1084,130.07999999999998,1689.7391999999998,591.4087199999999
3e11a968-28df-4c58-a073-cef9645d5976,Waterstones,Howehaven,1009,121.08,1572.8292,550.4902199999999
23c1fb14-fecc-4e2e-a0d2-cd6018306661,Waterstones,Lake Sianfort,958,114.96,1493.3304,522.6656399999999
e2e2cdb8-6eef-4fd4-9093-d9e91d324a9a,Waterstones,New Andreaberg,749,89.88,1167.5412,408.6394199999999
16ce5789-9bff-4e90-8809-0a2b6463e7f5,Waterstones,North Marion,847,101.64,1320.3036,462.10625999999996
94e32ff6-9056-466b-9700-9157c1b31ca4,Waterstones,West Stewart,1089,130.68,1697.5332,594.13662
4e5aa2f0-d7b6-4d40-860d-bf16898b66d0,Waterstones,Douglaschester,930,111.6,1449.684,507.38939999999997
c5d5f302-3aed-4ba5-946a-de58120fd835,Waterstones,New Thomas,622,74.64,969.5736,339.35076
ab6f2c94-f4ab-45a2-a769-51494c775981,Waterstones,South Harrietville,559,67.08,871.3692,304.97922
6b435b1d-81f4-485e-b653-78f82bda446a,Waterstones,Lake Kennethside,592,71.03999999999999,922.8095999999999,322.98335999999995
98996f25-59c0-4895-876e-a1aefa862588,Waterstones,Lake Bruce,708,84.96,1103.6304,386.27063999999996
8f7e53ba-bc0a-4f96-944a-b75dc164974f,Waterstones,West Rachael,969,116.28,1510.4772,528.66702
03613517-3d05-4bbf-bcec-fa3c73035466,Waterstones,Marshallhaven,1180,141.6,1839.384,643.7844
c725e1d7-8306-4e17-b656-532ee272a24c,Waterstones,Lake Darrenfurt,1120,134.4,1745.856,611.0495999999999
86258d4b-1601-46b1-8324-3c2d05661070,Waterstones,Richardschester,770,92.39999999999999,1200.2759999999998,420.0965999999999
01880ddc-de93-42e3-a492-08ace0159ffe,Waterstones,Lake Rosemaryton,787,94.44,1226.7756,429.37145999999996
e8120cec-d746-4b81-af44-f832ff2f2ef0,Waterstones,Tomfort,516,61.919999999999995,804.3408,281.51928
c940084d-4a50-4eb4-8c60-760427b0d1f3,Waterstones,Port Geoffrey,523,62.76,815.2524,285.33833999999996
66b5ac81-1312-4d5f-b279-bcee3d96c571,Waterstones,Rachaelchester,548,65.75999999999999,854.2223999999999,298.97783999999996
b74c506e-06b7-4157-845d-55d847e3f245,Waterstones,Hardingbury,717,86.03999999999999,1117.6596,391.18085999999994
a134db39-0d40-4225-976c-92228d60e435,Waterstones,North Leonard,523,62.76,815.2524,285.33833999999996
369cd453-6421-49bb-a7ce-d22f71318f3a,Waterstones,Rogersmouth,505,60.599999999999994,787.194,275.51789999999994
9c204736-7e36-458d-9e71-bc3c586a93c7,Waterstones,North Reeceton,500,60.0,779.4,272.78999999999996
219642a9-6a2b-44d5-9857-9ba585c875f2,Waterstones,Ahmedfort,866,103.92,1349.9208,472.47228
e2685f53-9699-4a5d-91ac-55e769077138,Waterstones,Port Kennethbury,901,108.11999999999999,1404.4787999999999,491.5675799999999
6f0f2cee-1471-4f98-ac6d-3984e54462b8,Waterstones,Clareview,756,90.72,1178.4528,412.45848
0d9b4aba-2d1a-401c-bde4-c9d1785885c6,Waterstones,North Beverleyburgh,1149,137.88,1791.0611999999999,626.87142
63c871a2-19eb-4dbd-958c-3e80f852d2e4,Waterstones,Palmerport,1018,122.16,1586.8584,555.40044
aba17b4f-42e1-4541-abd6-f162e80d3659,Waterstones,West Fiona,1026,123.11999999999999,1599.3288,559.76508
cff8b631-bb89-49c4-91cb-98c946768760,Waterstones,Taylorbury,539,64.67999999999999,840.1931999999999,294.06762
6e1337c5-f6a5-4a36-aa79-13c3fea5b00e,Waterstones,West Shane,956,114.72,1490.2128,521.57448
31f44ab0-ca80-4562-bc47-fb34b6c9e72d,Waterstones,New Mohammadport,666,79.92,1038.1608,363.35628
e3989537-3e09-454e-8d37-fae6ad27e71c,Waterstones,Port Lisa,675,81.0,1052.19,368.2665
1ed71eea-a0ce-4a46-a824-62a448cae977,Waterstones,Port Sylvia,931,111.72,1451.2428,507.93497999999994
e72061bd-7da5-415f-ac0d-ed43c30f5fd5,Waterstones,Lake Jasminechester,831,99.72,1295.3628,453.37698
eda007e2-6c94-4ec9-a915-530cd8cf5c9b,Waterstones,New Graeme,580,69.6,904.1039999999999,316.43639999999994
ef160cfd-80e3-4f11-8c66-16ea8aed6dff,Waterstones,Chadwickton,643,77.16,1002.3084,350.80794
36b5f978-2242-4760-94cd-e76a81622c06,Waterstones,Adamsmouth,547,65.64,852.6636,298.43226
455c1f22-0eb8-493c-b121-7ede12a7c79d,Waterstones,West Dianefort,818,98.16,1275.0984,446.28444
12eb5627-9059-42b5-b453-6f2b4ba94760,Waterstones,Taylormouth,1007,120.83999999999999,1569.7115999999999,549.39906
fd052c2b-5af7-4b57-a6f2-56b98f22a770,Waterstones,Graceton,624,74.88,972.6912,340.44192
90eaa3d7-611c-4c7c-9e95-0c249de39ddc,Waterstones,South Josephinehaven,1192,143.04,1858.0896,650.33136
5dd29183-1171-489c-9bde-a7ef9b8c078a,Waterstones,South Barbara,855,102.6,1332.774,466.4708999999999
0ea5d97d-a5b1-4723-8b8a-d28699e81f57,Waterstones,Smithmouth,613,73.56,955.5444,334.44054
e62a56d4-b597-4d48-bc0f-f4f23fd96616,Waterstones,Lake Jordan,996,119.52,1552.5647999999999,543.3976799999999
cc6d0101-17cf-41fd-ba35-e712d80b5694,Waterstones,West Mohammed,1013,121.56,1579.0644,552.6725399999999
2b2554cb-dd72-4040-9098-e5327ef265fc,Waterstones,East Lesleyview,1196,143.51999999999998,1864.3247999999999,652.5136799999999
f9fc56ec-e900-4799-91e0-b6640b1e69cd,Waterstones,South Edwardchester,765,91.8,1192.482,417.3687
b2365810-cf79-470a-8a50-2fef4c5b3866,Waterstones,Carolebury,1044,125.28,1627.3872000000001,569.58552
fff24c42-e20f-4108-9754-37722d271908,Waterstones,Wilsonville,1191,142.92,1856.5307999999998,649.7857799999999
945194c0-f1a8-48c2-afbb-7234b803ab26,Waterstones,East Elaine,672,80.64,1047.5136,366.62976
3461b23b-919b-423d-a3f7-2c4c78bef015,Waterstones,North Alexanderville,857,102.83999999999999,1335.8916,467.5620599999999
053fe632-5a75-4747-9b82-22dfcfdf6dd2,Waterstones,Lyndaview,743,89.16,1158.1884,405.36593999999997
58cfb1f4-c778-4ff4-8f7e-27206ff362eb,Waterstones,New Marc,1059,127.08,1650.7692,577.7692199999999
b5f82f14-056c-4c16-b4b5-4d4646d04f5f,Waterstones,New Elliot,1079,129.48,1681.9451999999999,588.6808199999999
e29c6a56-da18-4fe5-8c32-0189df968783,Waterstones,Alexandraberg,993,119.16,1547.8884,541.76094
74de2313-2f43-435f-8afa-529fe17c5d43,Waterstones,Port Marietown,1151,138.12,1794.1788000000001,627.96258
17b77219-80f1-465d-bc37-04aaf43ae945,Waterstones,Jakechester,712,85.44,1109.8656,388.45296
a62503c4-309d-4d07-92cd-16c81bf690a6,Waterstones,Lyndashire,1180,141.6,1839.384,643.7844
69f34cad-d1e5-416c-9c36-d197bc0badff,Waterstones,Millsview,1044,125.28,1627.3872000000001,569.58552
f97d1ba0-47a9-48fb-b735-18eee1adf28f,Waterstones,West Hazel,790,94.8,1231.452,431.0082
1dfd6b8b-9b46-4de2-89b5-e22bec807fdb,Waterstones,Charliefort,1012,121.44,1577.5056,552.1269599999999
7c925404-4510-4f6d-8f18-a79ccb2f8be3,Waterstones,East Abigailberg,887,106.44,1382.6556,483.92946
56180c37-478c-4b8a-9d4e-5eba1f74ad39,Waterstones,Samuelfurt,663,79.56,1033.4844,361.71954
023d68cf-0f45-459b-adbb-48dace3e345e,Waterstones,South Ashleyport,962,115.44,1499.5656,524.84796
53929fe0-441b-4870-a9d4-afaa3648012c,Waterstones,Atkinsonburgh,878,105.36,1368.6264,479.01924
ae95afa2-759d-469c-be0a-d2d4036bc0c5,Waterstones,North Maurice,914,109.67999999999999,1424.7432,498.66011999999995
f5fc49df-2ef4-48b2-bfa2-d0b1dd4d8307,Waterstones,Jamesfurt,1191,142.92,1856.5307999999998,649.7857799999999
a59aca99-60c0-4dc8-a686-4abff635d323,Waterstones,West Jackfurt,509,61.08,793.4292,277.70022
f3dd7575-0e6f-4ecd-88b0-575ffae69fba,Waterstones,Allentown,614,73.67999999999999,957.1031999999999,334.98611999999997
11a29d88-f5b5-4fc1-939b-3174cca20f2f,Waterstones,Lake Connor,902,108.24,1406.0375999999999,492.11315999999994
03b70fe4-1b23-4176-a151-11ea190706fe,Waterstones,Port Alexander,733,87.96,1142.6004,399.91014
1b8310e2-9ed7-4830-bf22-e613384cb905,Waterstones,Bradleyburgh,576,69.12,897.8688000000001,314.25408
6fffca01-f00b-4708-97cd-83d6585e06b6,Waterstones,Palmerfurt,1132,135.84,1764.5616,617.59656
dedde103-f728-46cf-a7c9-1c31d2a15291,Waterstones,North Leigh,1076,129.12,1677.2688,587.04408
23ab9668-883c-4fc6-b616-45d744d86da2,Waterstones,South Brendaland,1123,134.76,1750.5323999999998,612.6863399999999
0e7d15e3-67d8-4572-b91a-1dbf45c60ccc,Waterstones,Myersland,817,98.03999999999999,1273.5395999999998,445.73885999999993
c4bf5617-cdd1-4d35-b7c8-b3b902483f58,Waterstones,Hicksfurt,1028,123.36,1602.4464,560.85624
bef99355-b41f-4fb8-946b-effe502117da,Waterstones,Jacobstad,1002,120.24,1561.9176,546.67116
e607ec1d-b7f2-494c-b234-af707a24cf01,Waterstones,Lake Mariefort,690,82.8,1075.572,376.45019999999994
82d6e037-2bf9-413e-a4ce-3295c9847368,Waterstones,Jenningshaven,987,118.44,1538.5356,538.4874599999999
b3703b59-4690-45e1-b9e6-274b3a96eff5,Waterstones,West Ireneshire,843,101.16,1314.0683999999999,459.9239399999999
01c5ea19-c4fb-47ec-866e-801b384c4377,Waterstones,Janetmouth,1021,122.52,1591.5348,557.0371799999999
da1c259a-2028-49eb-b9c7-549a9c9130ec,Waterstones,New Neilland,727,87.24,1133.2476,396.63665999999995
ccd15f79-3d26-4cd3-99a2-68a7606e086a,Waterstones,Marsdenbury,1002,120.24,1561.9176,546.67116
518e8091-6fc1-4d8f-82f6-91a4db43cf13,Waterstones,Brucemouth,805,96.6,1254.834,439.1919
acdb828f-75ab-406f-b8cd-07c99f9b0820,Waterstones,West Shannonchester,583,69.96,908.7804,318.07313999999997
e0843edf-7d27-4ee3-a35e-6f2db31f1bce,WHSmith,Jadeport,954,76.32000000000001,838.7568000000001,234.85190400000005
fe5c4f2a-f253-4f2d-a1b1-c594bf736150,WHSmith,New Jemma,622,49.76,546.8624,153.121472
07b17696-6b08-4e30-92e9-89011606376b,WHSmith,West Steventon,832,66.56,731.4944,204.81843200000003
dc570855-68a8-4cad-bc70-5620625b9664,WHSmith,Port Sally,1048,83.84,921.4016,257.992448
9c8ef9b5-7d51-49aa-b598-52cf8b99a00c,WHSmith,Lawrenceburgh,733,58.64,644.4536,180.44700800000004
874ce65f-b1e0-4dde-8f3b-e00abe858f21,WHSmith,Lake Joebury,622,49.76,546.8624,153.121472
aa02ad29-70fd-46b8-b678-64492e33cc36,WHSmith,Shaneshire,993,79.44,873.0456,244.45276800000002
39d5ccf6-c288-49a4-8a9f-d9be92df5653,WHSmith,North Josephineside,674,53.92,592.5808000000001,165.92262400000004
e1d7c918-6d60-42f5-86a0-132137775a44,WHSmith,Patricktown,1142,91.36,1004.0464000000001,281.13299200000006
296e6c8d-18b4-4823-855d-8c3450cea176,WHSmith,Lake Malcolm,867,69.36,762.2664,213.434592
2691431b-dce3-4f6a-a1d9-28043679d4c4,WHSmith,Sullivanton,723,57.84,635.6616,177.985248
17e3206c-14ef-497c-b8a6-f9ace1a259a2,WHSmith,New Damian,931,74.48,818.5352,229.18985600000002
fb118683-4c23-416e-8766-340dcd13f1a1,WHSmith,West Lynda,1054,84.32000000000001,926.6768000000001,259.46950400000003
8e011f61-9a90-4150-967f-d0c4a218784f,WHSmith,Westtown,727,58.160000000000004,639.1784,178.969952
a0f59269-13af-4905-9dfb-ab8daafc98a9,WHSmith,Ahmedmouth,561,44.88,493.23120000000006,138.10473600000003
061711f4-3e81-40d3-bfb4-96d5312aeda5,WHSmith,Lambertborough,711,56.88,625.1112,175.03113600000003
77f4e898-bf66-4ee8-8d46-3c72d156b162,WHSmith,Port Michael,654,52.32,574.9968,160.99910400000002
f067b4f8-f777-4117-93a7-5bf7954c1dd5,WHSmith,New Jeffrey,689,55.120000000000005,605.7688,169.61526400000002
8849736f-1313-477e-96f0-68849b0c4996,WHSmith,New Richard,827,66.16,727.0984,203.58755200000002
e2503abe-cfbf-4146-b332-bb404611ec90,WHSmith,Nicolechester,989,79.12,869.5288,243.46806400000003
49958570-4f0f-4ae9-bcec-6f572d3992c9,WHSmith,West Benjamin,921,73.68,809.7432000000001,226.72809600000005
d2452324-8a46-4d83-ae4f-58bc541dd7c9,WHSmith,Edwardsbury,903,72.24,793.9176,222.296928
6d7fb17c-669e-4db9-a9f7-fc4e349534bf,WHSmith,Port Rebecca,762,60.96,669.9504000000001,187.58611200000004
1889f7b9-3ad2-441c-8875-029831b64c3b,WHSmith,Harrisonhaven,548,43.84,481.80160000000006,134.90444800000003
eb6f13b1-25b8-462c-84e2-78fc9bd3304a,WHSmith,South Elliefort,1065,85.2,936.3480000000001,262.17744000000005
33ff1154-e1ce-4fca-bde5-4e9fc916d683,WHSmith,Stevenberg,1188,95.04,1044.4896,292.45708800000006
1561ace5-8206-4800-998d-58db024f59f6,WHSmith,North Abbiemouth,591,47.28,519.6072,145.49001600000003
2052ef27-9465-441e-80a3-4971fb2c12da,WHSmith,Port Guystad,778,62.24,684.0176,191.52492800000002
b3dec90a-a39a-4d22-b8b7-051fced983e8,WHSmith,Markfurt,1074,85.92,944.2608,264.393024
e167faf1-dba5-44aa-8afa-6749dc25008e,WHSmith,Lake Abigailborough,863,69.04,758.7496000000001,212.44988800000004
6772ed8b-9f06-452b-a350-fa4c8982b16f,WHSmith,Karlberg,519,41.52,456.30480000000006,127.76534400000003
82f17b39-1760-4f8b-b837-c85f46e48b26,WHSmith,Taylorborough,1148,91.84,1009.3216000000001,282.61004800000006
cdeba6ec-5c8f-4a17-afde-63649e6f6942,WHSmith,Lake Jonathan,1056,84.48,928.4352,259.961856
629d0307-3cc1-4228-905a-fbfa14c08dc2,WHSmith,Port Caroleshire,999,79.92,878.3208000000001,245.92982400000005
31f603b7-e085-4eab-999e-a6df4045b52f,WHSmith,South Yvonneview,838,67.04,736.7696000000001,206.29548800000003
32481db9-7e9e-41a6-943b-f1f93d691d9d,WHSmith,Teresafurt,668,53.44,587.3056,164.44556800000004
78b81064-420e-4789-ad9a-2c8b3c36a674,WHSmith,Port Bethanton,991,79.28,871.2872,243.960416
1649b5e4-bb27-44b7-a5a8-5dc32dc2fedc,WHSmith,Kentfort,632,50.56,555.6544,155.583232
fa876aa9-91bb-48f8-b675-cf64908ec9c6,WHSmith,New Ryanview,1006,80.48,884.4752000000001,247.65305600000005
9d490ccd-49dc-42ef-8300-8785a3bdd0e8,WHSmith,South Keithfurt,1098,87.84,965.3616000000001,270.30124800000004
8d7ec16e-9f8e-487f-bde4-41876304e5ca,WHSmith,Terryberg,1098,87.84,965.3616000000001,270.30124800000004
4751200e-62cb-42f5-b686-5a4a32694df0,WHSmith,Kempstad,711,56.88,625.1112,175.03113600000003
ed8fe10a-05c1-4db9-83ae-cd5f7f81a48b,WHSmith,Hopehaven,593,47.44,521.3656,145.982368
f2cd69a2-a314-430b-913c-61afe9572813,WHSmith,Port Connor,1118,89.44,982.9456,275.22476800000004
7c43eea5-2242-4341-9daa-eaab02e3845f,WHSmith,South Mary,877,70.16,771.0584,215.89635200000004
0ffb13f7-6747-41e5-9551-08828c449a14,WHSmith,Lake Allanview,987,78.96000000000001,867.7704000000001,242.97571200000004
89c263df-f0af-4265-92a2-38db48423c97,WHSmith,Richardsonfurt,693,55.44,609.2855999999999,170.599968
83f40e08-fc4f-4ef3-abd7-b01b8e972662,WHSmith,West Zoetown,701,56.08,616.3192,172.56937600000003
eec83c04-eb98-4a5b-b239-cbe1f3a0ae9c,WHSmith,Marshville,629,50.32,553.0168,154.844704
03a3e672-2bd9-4f13-aed9-5a55e873f266,WHSmith,East Simonfort,879,70.32000000000001,772.8168000000001,216.38870400000005
5fa541ac-2647-46d4-8946-2fff200f7d70,WHSmith,Vincentchester,1190,95.2,1046.248,292.94944000000004
d4c49fa2-bcfc-43b9-b347-ac11a68547ec,WHSmith,Damianbury,709,56.72,623.3528,174.53878400000002
a0ea05ab-b96a-4808-b68e-868e55a5468b,WHSmith,New Arthur,1172,93.76,1030.4224000000002,288.5182720000001
f9aa5ea9-615f-4fd2-854a-371bf864807f,WHSmith,Leslieshire,832,66.56,731.4944,204.81843200000003
66ac72c8-2480-4e77-b386-5af9193b028c,WHSmith,Kimbury,674,53.92,592.5808000000001,165.92262400000004
30c95bbb-7afd-4b3f-a074-f3f28aaac50b,WHSmith,Joannemouth,976,78.08,858.0992,240.26777600000003
1f85b53a-879a-424e-a726-dbc9808872eb,WHSmith,Josephfort,1040,83.2,914.368,256.02304000000004
1a974704-36fb-4282-b9e1-12cd37dd350b,WHSmith,North Glennburgh,1115,89.2,980.3080000000001,274.48624000000007
d4707d5c-8bdb-4e5f-ae4d-f33c0744ea9e,WHSmith,Lake Andreaview,972,77.76,854.5824000000001,239.28307200000006
c07c74ed-c483-4bdf-a5a2-9a634f96a6cd,WHSmith,Daviesport,1141,91.28,1003.1672,280.886816
30dd882d-00fc-4318-9e26-1ffffafbbff2,WHSmith,Pearcestad,679,54.32,596.9768,167.15350400000003
9a8765ea-a565-4fed-9043-b80f50b3d35b,WHSmith,Benborough,864,69.12,759.6288000000001,212.69606400000004
2663ddb1-d69f-451f-aeb2-7751ccf400bd,WHSmith,West Margaret,574,45.92,504.66080000000005,141.30502400000003
bd0eaf7d-a00c-417f-873d-db2f3c0b6224,WHSmith,East Elizabeth,983,78.64,864.2536,241.99100800000002
7cfe5b88-fb6e-4191-bbf7-65da0b8bc21f,WHSmith,Robinsonville,664,53.120000000000005,583.7888,163.46086400000002
6c39e777-21a7-40de-bd02-cb1bc8ecadae,WHSmith,Fitzgeraldville,797,63.76,700.7224,196.20227200000002
6c28a390-95f5-43b3-97b5-9439db68319b,WHSmith,New Chelsea,1199,95.92,1054.1608,295.1650240000001
1ec13e06-31b4-4c15-b5f8-2d822c145e3e,WHSmith,North Ellieberg,686,54.88,603.1312,168.87673600000002
8e7b2245-a08a-48f6-8cd2-d97dffc6c477,WHSmith,Port Justinborough,743,59.44,653.2456,182.908768
17a26e1a-e13f-4d69-b14f-b6c358aeaa14,WHSmith,Lake Adrian,754,60.32,662.9168,185.616704
08805df0-52ce-4670-8004-fcc69f4be52e,WHSmith,Katefort,687,54.96,604.0104,169.122912
e0398804-be26-4cb4-8ddc-9525d547eeaa,WHSmith,Payneport,705,56.4,619.836,173.55408000000003
35f8ce7f-b2a7-4906-9ffa-d24e7e716d24,WHSmith,Lake Racheltown,895,71.60000000000001,786.8840000000001,220.32752000000005
e122d546-cdd4-4213-889a-32eea439bb60,WHSmith,North Reecehaven,945,75.60000000000001,830.8440000000002,232.63632000000007
3410ea80-2725-4289-a2b8-480c3f68266d,WHSmith,North David,722,57.76,634.7823999999999,177.739072
039b6f68-7c27-4687-822f-5a331be075d6,WHSmith,Smithtown,546,43.68,480.0432,134.41209600000002
b6b77441-b667-4541-926c-064f3b3b8df3,WHSmith,East Eleanorton,591,47.28,519.6072,145.49001600000003
e72524db-3c77-4868-be1b-8b71e8e082a1,WHSmith,East Jodie,1086,86.88,954.8112,267.34713600000003
7f59514e-d4da-4f66-90db-f3fdfaa998da,WHSmith,Robertsborough,861,68.88,756.9911999999999,211.957536
a79cbe2a-e6fe-47e0-b967-6d4d577e4b08,WHSmith,South Jennaberg,510,40.800000000000004,448.39200000000005,125.54976000000002
63cf9734-e44c-4da6-9a54-45dc8ccceb69,WHSmith,North Liam,635,50.800000000000004,558.292,156.32176
4d474c3f-3ecd-4831-b6a8-2a963eb9dd76,WHSmith,West Allanfurt,1198,95.84,1053.2816,294.918848
25b21230-1dab-42b3-b313-fb046cecdd3b,WHSmith,West Joe,1055,84.4,927.556,259.71568
7ba6a575-9d38-42c1-95b0-21742f2d347c,WHSmith,New Nicolamouth,1076,86.08,946.0192,264.885376
605465f1-9229-4afa-86ed-7f3597ecaa9e,WHSmith,New Tomberg,849,67.92,746.4408000000001,209.00342400000005
273a79bc-f4a6-4b5d-aeca-e000b8298e4f,WHSmith,New Clifford,520,41.6,457.184,128.01152000000002
cc4f2605-4e12-4014-a007-b09d2323a532,WHSmith,North Ann,516,41.28,453.66720000000004,127.02681600000003
c7b0292e-d14b-4edd-9725-52a8ddfdb020,WHSmith,Adrianberg,793,63.440000000000005,697.2056000000001,195.21756800000006
6da63968-90c4-4f92-aab0-23284d2b498e,WHSmith,Parkerhaven,613,49.04,538.9496,150.90588800000003
bf4ebd03-1d76-4cae-8c42-19cc83d85f00,WHSmith,Chloehaven,1169,93.52,1027.7848,287.779744
81c83f5a-d2e6-47a8-b0c4-adb5bc19ad42,WHSmith,New Reecebury,1188,95.04,1044.4896,292.45708800000006
774504b3-7828-47b4-a4d4-c696db40847d,WHSmith,Thorntonville,1082,86.56,951.2944,266.362432
5e2c0d8a-17ab-4441-87bf-45ba2e65784e,WHSmith,Kellytown,1083,86.64,952.1736000000001,266.60860800000006
c7c6d75c-a628-4b91-a6c9-bb0335e850b0,WHSmith,Port Julian,732,58.56,643.5744000000001,180.20083200000005
41c27b17-2478-4165-98e0-be0adc53058a,WHSmith,New Ann,1038,83.04,912.6096000000001,255.53068800000005
806a4a39-0ba6-4694-8202-79defa03f115,WHSmith,Jamesmouth,754,60.32,662.9168,185.616704
54d075f5-f95d-44e9-a204-b4e77b254fc7,WHSmith,Hazelside,726,58.08,638.2992,178.72377600000002
126251c1-9e7a-4e80-815c-127c720c9192,WHSmith,Thompsonhaven,534,42.72,469.4928,131.457984
d0ca4d3a-b764-4f8d-937b-cd12a6818abd,WHSmith,Bentown,1187,94.96000000000001,1043.6104,292.210912
69456785-111e-4d45-90e3-f4a3a4ff29d1,WHSmith,Lake Stacey,812,64.96000000000001,713.9104000000001,199.89491200000003
18c33f89-4fb2-4c74-98a4-d3461379ca09,WHSmith,South Amandaburgh,530,42.4,465.976,130.47328000000002
279c8339-931f-4419-b2ba-225e00d20506,WHSmith,Stokesfort,1145,91.60000000000001,1006.6840000000001,281.87152000000003
a07579ed-96b3-4e77-a526-99a4efc65360,WHSmith,Elliottown,933,74.64,820.2936,229.682208
65348996-9c67-434e-86b1-be1ce3ce3e16,WHSmith,East Anneberg,1112,88.96000000000001,977.6704000000001,273.74771200000004
02b5db51-8b91-4286-8599-5f74c6eb5205,WHSmith,Sheilaberg,745,59.6,655.004,183.40112000000002
64171eac-7c97-4cd3-b4da-96b98e3c2cda,WHSmith,New Leonardborough,512,40.96,450.1504,126.042112
be8ac8da-392f-4e95-a99b-bd720fa99e1a,WHSmith,South Markfurt,826,66.08,726.2192,203.34137600000003
0b7a0933-5404-48dd-b985-71a0663889c2,WHSmith,Perryfort,604,48.32,531.0368,148.690304
0d6fa929-1c82-4438-a21d-3f775b839bf0,WHSmith,New Suzannehaven,586,46.88,515.2112000000001,144.25913600000004
8a35070f-5185-4274-9c7d-04957b5c7c57,WHSmith,Port Janiceport,506,40.480000000000004,444.87520000000006,124.56505600000003
05b983b0-ce89-44b6-b2c5-0e304955d290,WHSmith,North Hollie,577,46.160000000000004,507.2984000000001,142.04355200000003
62e9718e-c966-47f0-88f0-286aca1e8001,WHSmith,Sullivanbury,763,61.04,670.8296,187.83228800000003
44c6eb67-4741-4f56-a82a-1c42bcd6f6cc,WHSmith,Port Nicholas,638,51.04,560.9296,157.06028800000004
9841703c-5742-49b9-a8a2-81a3ab0bb2a0,WHSmith,New Lisaton,938,75.04,824.6896,230.91308800000004
6842ecf9-2a32-4c4b-84e7-04e18b938c1e,WHSmith,Lake Joel,844,67.52,742.0448,207.772544
525a1106-67b5-4315-81bd-958fdea09aa6,WHSmith,Port Dawn,1027,82.16,902.9384,252.82275200000004
334e40a7-b031-41f5-8402-610f5b4aa98c,WHSmith,Clarketown,1145,91.60000000000001,1006.6840000000001,281.87152000000003
49ac61ae-daa7-4cb5-bd0e-d850f4f5f422,WHSmith,Barrettfurt,1180,94.4,1037.4560000000001,290.48768000000007
08291cc2-f695-407e-8631-7eb7e646d314,WHSmith,North Valerie,991,79.28,871.2872,243.960416
982667c2-43ed-4af4-bd71-7026ddc3ac5d,WHSmith,Robertsview,852,68.16,749.0784,209.74195200000003
de44ad9d-6110-4953-a9bf-e843b8a8908c,WHSmith,Port Natashaville,1095,87.60000000000001,962.7240000000002,269.56272000000007
b6451833-fcd0-4184-9724-00cb41427138,WHSmith,West Gregory,980,78.4,861.6160000000001,241.25248000000005
b478e82f-ea61-4955-8823-28b39a8aebc4,WHSmith,South Damien,557,44.56,489.7144,137.120032
dafbaeff-65c7-42fe-bd41-e5c68ec91c97,WHSmith,East Alison,636,50.88,559.1712,156.567936
bf448cb7-ac6e-4937-8518-306a1a5b0538,WHSmith,East Arthurland,759,60.72,667.3128,186.84758400000004
eea94cfa-3831-448d-8fd3-ec1e7d335a48,WHSmith,Lake Brian,524,41.92,460.7008,128.996224
f0cdb0bb-84ed-435a-85d6-b145ebc8bbed,WHSmith,Chapmanchester,1047,83.76,920.5224000000001,257.74627200000003
e36158fc-9243-4e15-a41c-1ca3012e4b07,WHSmith,Port Matthewview,904,72.32000000000001,794.7968000000001,222.54310400000006
5cc784fb-723d-476d-b5b0-75e22536e42e,WHSmith,Colemanville,561,44.88,493.23120000000006,138.10473600000003
1c548ec4-fdc1-4699-a042-9313acf4d33f,WHSmith,Lake Jamesport,640,51.2,562.688,157.55264000000003
e582927b-2e5a-4c58-8b54-2d5e3c1ad654,WHSmith,Blakemouth,1175,94.0,1033.06,289.2568
2affee94-2f70-4700-bb56-7481047d606c,WHSmith,South Thomasshire,868,69.44,763.1456,213.680768
2e12cb72-5259-45b5-9cde-6f3aaed0530f,WHSmith,Rogersfurt,712,56.96,625.9904,175.27731200000002
38cb44ad-476a-4124-beae-b0a706537198,WHSmith,Hillshire,815,65.2,716.548,200.63344
08833686-3e72-423d-89d1-644ce3cad272,WHSmith,New Helen,581,46.480000000000004,510.81520000000006,143.02825600000003
0c1a2eb9-fd93-41a7-9245-527525cd8693,WHSmith,Smithshire,611,48.88,537.1912000000001,150.41353600000005
43fcc3e0-d60b-4237-b1ef-832219e6c7fd,WHSmith,Port Natasha,893,71.44,785.1256,219.835168
990cc537-fceb-4056-85a2-30142dcfc469,WHSmith,Declanfort,967,77.36,850.1864,238.05219200000005
3af0b1c2-71db-4925-8f17-0efb7b52cadb,WHSmith,Robertmouth,955,76.4,839.6360000000001,235.09808000000004
2928198e-f74f-4ba3-9a15-9aa87c1794c7,WHSmith,Juneview,607,48.56,533.6744,149.428832
411a8f16-9c8f-48f3-a399-4583eeb10726,WHSmith,West Katie,564,45.12,495.86879999999996,138.843264
38af0459-1315-4c23-9ee1-7d7e0b79e124,WHSmith,West Marcberg,877,70.16,771.0584,215.89635200000004
74a74a01-afd3-475d-9628-04dee9053e19,WHSmith,Bakerburgh,1122,89.76,986.4624000000001,276.20947200000006
2302c52d-ef91-4897-b2c9-b43144653934,WHSmith,Christopherview,1166,93.28,1025.1472,287.0412160000001
8ba685e1-4c83-48a8-8d3a-258d2f9094d5,WHSmith,Cliffordchester,1157,92.56,1017.2344,284.82563200000004
94a926d1-266d-4e1e-b9df-ed1b29cd2d96,WHSmith,South Damien,1032,82.56,907.3344000000001,254.05363200000005
9fe31403-483a-4d21-a2fc-f1faf530cd8e,WHSmith,Oliverfort,633,50.64,556.5336,155.829408
ebae1b60-9d74-4ca7-a15c-85cdd45100cd,WHSmith,East Teresa,1152,92.16,1012.8384,283.594752
772bb818-d523-40d1-81e0-56954d746a57,WHSmith,East Cameronshire,521,41.68,458.0632,128.257696
0f1241c9-0e4a-403a-9048-85870c2bc1eb,WHSmith,Lake Rosemary,937,74.96000000000001,823.8104000000001,230.66691200000005
46d9ef05-1acc-4fcf-8592-b99a8425cb11,WHSmith,Hopkinsborough,568,45.44,499.3856,139.82796800000003
f854e483-7782-42c4-aeb0-30563f65dd2b,WHSmith,Reecefort,1179,94.32000000000001,1036.5768,290.241504
d0a03961-0bfe-46e9-8a62-b975e630d7f7,WHSmith,North Craig,1112,88.96000000000001,977.6704000000001,273.74771200000004
f66bdb73-735c-47da-9f3c-4ceaffe64af2,WHSmith,Port Irene,580,46.4,509.936,142.78208
ea725916-5a94-4fe8-92c1-e95b9eea9d44,WHSmith,Kateville,895,71.60000000000001,786.8840000000001,220.32752000000005
b00d4fb6-3a63-48c7-92db-d9512fc3b5d1,WHSmith,Eleanorfurt,1030,82.4,905.5760000000001,253.56128000000007
bb566778-34c5-4390-aec6-dab2be373f59,WHSmith,West Michael,1038,83.04,912.6096000000001,255.53068800000005
7fddd9d0-7a16-45e2-982b-42e6f93e81cf,WHSmith,Jonesfurt,556,44.480000000000004,488.83520000000004,136.87385600000002
4c3a8cbf-329e-40e9-b02f-73513ab465aa,WHSmith,Wilsonfort,999,79.92,878.3208000000001,245.92982400000005
7d26b3f9-75be-417c-8539-68b129a62f6c,WHSmith,Curtisstad,980,78.4,861.6160000000001,241.25248000000005
d9796b2a-42cc-4919-9d62-60045f8c42d6,WHSmith,Lake Charlesmouth,1072,85.76,942.5024000000001,263.90067200000004
600199d7-ba3f-4498-a08d-f0e60ae9857e,WHSmith,Laneburgh,1141,91.28,1003.1672,280.886816
11d62e64-aa77-4e25-81da-b38ed3e3998a,WHSmith,Watersborough,1199,95.92,1054.1608,295.1650240000001
2fb68e43-971e-4bba-b438-0ffb8070114d,WHSmith,Amelialand,1015,81.2,892.388,249.86864000000003
af5d3567-3df3-42ab-8efa-2a458287ebb0,WHSmith,Bernardmouth,594,47.52,522.2448,146.22854400000003
68e48fdc-c365-4228-bb68-c8bb11c1567a,WHSmith,Ronaldstad,877,70.16,771.0584,215.89635200000004
938b1e2f-a237-4265-952a-17195bad0828,WHSmith,New Dalechester,789,63.120000000000005,693.6888,194.23286400000003
246bc119-9dde-4f07-a163-6ad1bc0bdaec,WHSmith,West Abdulborough,1121,89.68,985.5832000000001,275.96329600000007
f939e779-d32d-443b-9930-999d32920616,WHSmith,Gavinmouth,590,47.2,518.7280000000001,145.24384000000003
21241e84-a6a3-4ee3-bf6b-fd76f3caf324,WHSmith,Duffymouth,645,51.6,567.0840000000001,158.78352000000004
a27d237f-d15d-4fbe-b6a4-f11aaef1dbff,WHSmith,South Charliemouth,614,49.120000000000005,539.8288000000001,151.15206400000005
df3eb6a8-8f15-4b69-939d-a461c8321985,WHSmith,South Ian,1088,87.04,956.5696,267.839488
afb7e729-e008-4eeb-8d1b-8d539166529a,WHSmith,Oliverborough,1125,90.0,989.1,276.94800000000004
f8efc7a0-755c-4451-8ab6-d6f724f94964,WHSmith,Port Ashleigh,533,42.64,468.6136,131.21180800000002
41197b37-4a25-42f9-940a-d79d88a4af7e,WHSmith,Stewarttown,654,52.32,574.9968,160.99910400000002
f94213e2-6e55-47b2-b8db-078140a5ac8e,WHSmith,Lake Zoe,1020,81.60000000000001,896.7840000000001,251.09952000000004
38fe57f1-778a-43f0-95c2-7e0a55f9e846,WHSmith,New Hannahstad,562,44.96,494.1104,138.35091200000002
8f98caa4-64ed-4ad4-9af8-621397ac9047,WHSmith,East Tracy,631,50.480000000000004,554.7752,155.33705600000002
6dd61083-2271-409f-b35d-f3bd1de9f56d,WHSmith,Alisonland,964,77.12,847.5488,237.31366400000002
fb22d123-95f2-440d-a785-6e6956f32d6e,WHSmith,East Jayneview,804,64.32000000000001,706.8768000000001,197.92550400000005
996e1eaf-2381-4ee4-acb0-98961e168069,WHSmith,Coatesville,1099,87.92,966.2408,270.54742400000003
0857e578-caa5-4f28-98e4-a02cd10dc1b6,WHSmith,Abbiemouth,620,49.6,545.104,152.62912000000003
2176d66f-b846-42db-a384-919ad526d96d,WHSmith,Masonville,947,75.76,832.6024000000001,233.12867200000005
bccf742d-1778-4667-a982-61fc1738bfa8,WHSmith,Timothyhaven,640,51.2,562.688,157.55264000000003
39b42286-6447-411e-bec5-4d0b7fa61354,WHSmith,Jonathanmouth,1058,84.64,930.1936000000001,260.45420800000005
0851be0e-71e1-4ffc-9884-b2e276934a62,WHSmith,East Mohamed,927,74.16,815.0183999999999,228.205152
89671d1c-dc2d-41e2-9623-3061f139c33d,WHSmith,Benbury,925,74.0,813.26,227.71280000000002
de401aa3-bbd4-4844-8cf5-9644e1ed073c,WHSmith,Port Maxton,796,63.68,699.8432,195.95609600000003
f8156c86-7d0b-495d-b207-c3cacbb1c7db,WHSmith,Morrischester,546,43.68,480.0432,134.41209600000002
281eda3c-012c-4d19-8ffe-c1d00d1d48c1,WHSmith,South Elainestad,913,73.04,802.7096000000001,224.75868800000006
954d4195-9cee-47c1-9885-5652ca33190a,WHSmith,Port Shaun,1178,94.24,1035.6976,289.99532800000003
cd173c2a-5144-49f9-b7a4-5b00f86e5f77,WHSmith,Owenshire,708,56.64,622.4736,174.29260800000003
24235884-6a96-4076-a01f-f622d5b50609,WHSmith,South David,822,65.76,722.7024000000001,202.35667200000006
84cf1c54-7816-47f3-b384-8f16afcd71a5,WHSmith,Reesbury,1039,83.12,913.4888000000001,255.77686400000005
8bc7fbbe-1405-4fc5-852d-7d577d402e13,WHSmith,North Jonathanbury,517,41.36,454.5464,127.27299200000002
3cc9230b-b15b-4f5e-b30c-8500f6819567,WHSmith,Flynnfurt,976,78.08,858.0992,240.26777600000003
8379cfd0-19ff-49ab-bf0d-df11fa862ac0,WHSmith,South Nicolabury,1151,92.08,1011.9592,283.34857600000004
627b0659-a0df-4ab1-bc36-8b84c57281e2,WHSmith,Hughesport,1063,85.04,934.5896000000001,261.68508800000006
2938e99a-4feb-4b00-afff-ff0e4c6b7859,WHSmith,Morrisside,552,44.160000000000004,485.31840000000005,135.88915200000002
307a37af-b3c0-4123-b33d-172a95d11e8e,WHSmith,Connollyburgh,532,42.56,467.73440000000005,130.96563200000003
7c81aa70-69e3-4fcd-a7e2-9f02ca1f4e14,WHSmith,West Mohammadbury,588,47.04,516.9696,144.75148800000002
72290e47-73ad-4d72-906a-a624856a8576,WHSmith,South Louise,1020,81.60000000000001,896.7840000000001,251.09952000000004
3795df63-3ac8-4efd-aab6-6e1bd8202d13,WHSmith,East Liam,878,70.24,771.9376,216.14252800000003
4ebe8218-1f71-4672-8d63-30c8f163969c,WHSmith,North Gemma,1005,80.4,883.5960000000001,247.40688000000006
ca932c92-a9be-4625-8fda-f8a039607539,WHSmith,Port Bradleyside,973,77.84,855.4616000000001,239.52924800000005
7e986450-d9df-4a8a-bc55-9bbd5176ccd5,WHSmith,Hayleybury,832,66.56,731.4944,204.81843200000003
9127daef-7a51-4093-b262-a947d3e2ebba,WHSmith,Paynemouth,659,52.72,579.3928,162.229984
b9d200f7-5fa7-467f-b925-d0bff5bd5429,WHSmith,West Christineton,1096,87.68,963.6032000000001,269.80889600000006
ca0f1a8e-ff1f-4821-87e7-cde0b19b8951,WHSmith,Jennastad,872,69.76,766.6624,214.66547200000002
9a8a7319-f6b2-47fb-9f50-a186b3a67fc9,WHSmith,North Megan,578,46.24,508.17760000000004,142.28972800000003
ba102a55-7943-43ac-b0eb-7620218a23c4,WHSmith,Hewittland,897,71.76,788.6424000000001,220.81987200000003
40811514-6591-45e2-bb48-143ec3908252,WHSmith,East Dylan,912,72.96000000000001,801.8304,224.51251200000004
9f6dbe5c-5ecc-46b3-a388-9b593e6bb737,WHSmith,Crossfurt,1018,81.44,895.0255999999999,250.607168
b7c96eb7-6fe4-4667-a70f-13827b54f152,WHSmith,Patelview,796,63.68,699.8432,195.95609600000003
f6c034c3-04c6-428c-95a6-ef5b4922802a,WHSmith,Joyceburgh,965,77.2,848.428,237.55984
8da278d6-1535-48e3-8ca1-21c37a4812a4,WHSmith,North Graeme,619,49.52,544.2248000000001,152.38294400000004
0645ba28-4651-4fbb-a026-b99a569141c7,WHSmith,Shaneborough,510,40.800000000000004,448.39200000000005,125.54976000000002
be8e4474-4fb4-4ae4-b1ad-068da559cad2,WHSmith,Natashafurt,694,55.52,610.1648,170.846144
643e4673-4350-4de2-8bf2-e25fb99f6380,WHSmith,Clarehaven,781,62.480000000000004,686.6552,192.26345600000002
ba2a9a4a-aaaa-41c0-9b11-26da2974fdc8,WHSmith,Bentleyview,597,47.76,524.8824,146.967072
615b6287-8356-4199-a5c5-c09d4bca1918,WHSmith,Nicholasstad,518,41.44,455.4256,127.51916800000001
44aae586-517e-4620-ab93-661b3dedf958,WHSmith,South Roy,556,44.480000000000004,488.83520000000004,136.87385600000002
ce07b9f3-1326-4485-b47e-2ee7023a6c76,WHSmith,Mariamouth,950,76.0,835.24,233.86720000000003
c55eec00-d022-44b8-9c43-1042bbd4d60c,WHSmith,Bennettfurt,554,44.32,487.0768,136.381504
6475247d-3425-48d2-bd70-82ed9fb1fd70,WHSmith,Barnesport,1182,94.56,1039.2144,290.98003200000005
91b1730e-f0bb-4bbb-b5e8-2218817ffeb1,WHSmith,Robinsonhaven,737,58.96,647.9704,181.43171200000003
5a4d451a-ca44-4e50-9155-f027ac74489e,WHSmith,West Annland,925,74.0,813.26,227.71280000000002
379c97db-4261-4ae0-949e-98cc6a29ed59,WHSmith,Port Jayhaven,578,46.24,508.17760000000004,142.28972800000003
38d74776-18ae-4eea-8198-cb9c230489a0,WHSmith,Port Oliverview,1196,95.68,1051.5232,294.42649600000004
e1341faf-b6fe-4fca-b262-69aa80ab3064,WHSmith,Stephaniebury,980,78.4,861.6160000000001,241.25248000000005
50018d79-c2fb-4e03-884e-f1238d84c0d1,WHSmith,Lake Janettown,1144,91.52,1005.8048,281.62534400000004
b9561379-e733-4056-9524-a5b3f76c3139,WHSmith,East Lindastad,1109,88.72,975.0328,273.009184
317b6ecd-175f-47aa-9b07-b020c3cec6a7,WHSmith,Lake Shirleyhaven,569,45.52,500.26480000000004,140.07414400000002
6902cedc-ac4e-4738-ba70-378c7ae4c921,WHSmith,Brennanport,798,63.84,701.6016000000001,196.44844800000004
be549564-d376-4a06-a80b-a910ff3320f1,WHSmith,Harveyfort,612,48.96,538.0704000000001,150.65971200000004
db1645e1-da35-4871-be80-1e9d857a9aa0,WHSmith,Haynesstad,730,58.4,641.816,179.70848000000004
2c821801-6078-4c1a-ada6-addb8b2497bb,WHSmith,Webstershire,1018,81.44,895.0255999999999,250.607168
d2c15106-82ac-49af-9de4-4757aa7f0498,WHSmith,Hutchinsonfurt,963,77.04,846.6696000000001,237.06748800000003
c5556370-8542-4138-8240-11f7a5332e9a,WHSmith,New Danny,831,66.48,730.6152000000001,204.57225600000004
2ae4b04f-8d6c-488c-aa21-e3f195918714,WHSmith,Bibifort,879,70.32000000000001,772.8168000000001,216.38870400000005
aaa978e5-b067-48ad-8b26-d5c058b8b325,WHSmith,West Sara,593,47.44,521.3656,145.982368
01c680c2-9c1a-4dce-bf36-3f6a112e839f,WHSmith,Rosieborough,735,58.800000000000004,646.2120000000001,180.93936000000005
19ca5f6d-eecf-4bce-965d-e2e9f39b682f,WHSmith,Heathville,686,54.88,603.1312,168.87673600000002
b97ecfc2-b335-47c6-ad8e-ef4eb4b548ba,WHSmith,East Carlyshire,889,71.12,781.6088000000001,218.85046400000004
4d8681bc-bb55-4829-96dc-89a91bc034bd,WHSmith,East Bethanytown,792,63.36,696.3264,194.97139200000004
1731e555-4218-43b0-b05a-d11492298bf6,WHSmith,Lake Nicholas,888,71.04,780.7296000000001,218.60428800000005
f3fc04d8-15b5-466d-b682-6f6b6333d56f,WHSmith,West Toby,605,48.4,531.9159999999999,148.93648
4ee936c7-fc2e-4e68-9af7-e2a0e57fe148,WHSmith,West Marilyn,739,59.120000000000005,649.7288000000001,181.92406400000004
6b307808-8665-42ca-9438-0af8e3333c22,WHSmith,Danielton,1124,89.92,988.2208,276.70182400000004
5a6cf8e9-de81-4484-904d-c762b875eaac,WHSmith,New Lukeburgh,808,64.64,710.3936,198.910208
5ea4fcfc-a796-4fbb-a489-3472f7713a00,WHSmith,New Ameliashire,856,68.48,752.5952000000001,210.72665600000005
4fa33ace-123c-4ac1-9d63-9add16613f0e,WHSmith,Atkinsonport,903,72.24,793.9176,222.296928
ac84d2ea-cfad-41e5-b539-74781de07578,WHSmith,Lake Sarah,525,42.0,461.58,129.2424
09ce18e9-0470-4b5c-87df-8b77116613aa,WHSmith,Port Jeremyfort,930,74.4,817.6560000000001,228.94368000000003
c4bc2737-410a-4527-b61b-df3122508207,WHSmith,Mandyport,947,75.76,832.6024000000001,233.12867200000005
ad1fea59-8c5a-47c9-b6a2-dec42e59c407,WHSmith,Russellberg,1047,83.76,920.5224000000001,257.74627200000003
865dabe9-c933-4e50-bf6d-ddb7d18c3ec3,WHSmith,Caroleton,826,66.08,726.2192,203.34137600000003
12026247-0aef-4f05-800d-aa02d81e2478,WHSmith,Carlstad,942,75.36,828.2064,231.89779200000004
3d0b6a1d-5ee3-48cb-8b9c-e3842afe5bc4,WHSmith,Smithport,987,78.96000000000001,867.7704000000001,242.97571200000004
876a4bae-ef85-472c-8b65-abd82931ba01,WHSmith,East Matthewmouth,666,53.28,585.5472,163.953216
73772874-9f6f-4ac5-8f15-e6f422ccc689,WHSmith,New Leannemouth,619,49.52,544.2248000000001,152.38294400000004
6a5855f1-9397-457f-a4aa-9dc48ed12b67,WHSmith,Elaineshire,642,51.36,564.4464,158.04499200000004
41491469-d8da-497e-b6e0-e001e669be33,WHSmith,Port Lynn,1192,95.36,1048.0064,293.441792
da1ff6ad-4300-40c8-b2f6-7b208bad866b,WHSmith,Evansfort,996,79.68,875.6832,245.19129600000005
c1f5c638-40da-4606-8a4f-28789bf6ff67,WHSmith,Adamfort,913,73.04,802.7096000000001,224.75868800000006
ea1c8862-cf01-48f5-bfb1-5ff4956db1c8,WHSmith,Valeriechester,539,43.12,473.8888,132.68886400000002
dc4414bc-153e-43c8-a9c2-af23cdef866a,WHSmith,North Marian,595,47.6,523.124,146.47472000000002
5a0480d1-2abe-4ca6-93ef-1a43ca20b0ce,WHSmith,North Sian,750,60.0,659.4,184.632
885b4b59-28a9-489a-805b-268bea6c5cac,WHSmith,New Carolyn,653,52.24,574.1176,160.75292800000003
622d2592-c811-4d1e-a6ad-06a79aa71467,WHSmith,Sarashire,507,40.56,445.75440000000003,124.81123200000002
975db0d9-5af1-4a24-804d-4c19369c9f66,WHSmith,Marieside,946,75.68,831.7232000000001,232.88249600000006
8243bcb1-98ea-4f59-ace0-a7bf23127673,WHSmith,Lake Geraldshire,537,42.96,472.1304,132.196512
0c387843-0bff-45c8-8285-6a7826a8a272,WHSmith,Port Sandra,1162,92.96000000000001,1021.6304000000001,286.05651200000005
db037f87-647a-4c91-9fdd-364093d1592e,WHSmith,New Rebecca,661,52.88,581.1512,162.722336
3ee83787-7391-4ca0-a5e9-4523a7fc4c60,WHSmith,West Elaine,756,60.480000000000004,664.6752,186.109056
d4d40db7-ce44-4f6f-8a04-2d2a11e6a048,WHSmith,Stevensonport,603,48.24,530.1576,148.444128
9a0061d0-987e-4c24-8469-0a5ef7d425b8,WHSmith,Port Albertfort,767,61.36,674.3464,188.81699200000003
6ba58190-a71b-42ca-bcc9-0db8af0dec6e,WHSmith,Lake Ashleymouth,747,59.76,656.7624,183.893472
9a2f6620-2231-47c8-8452-cac4059f3a44,WHSmith,Lake Thomastown,812,64.96000000000001,713.9104000000001,199.89491200000003
01355bcb-5fe7-4139-b05c-2de841829e17,WHSmith,Guyville,524,41.92,460.7008,128.996224
ae83ebe7-0c50-435c-8c9e-6e4e6476d177,WHSmith,Williamsfurt,591,47.28,519.6072,145.49001600000003
71c45283-a8e7-4d67-a073-f96f14dacdc2,WHSmith,Burgessburgh,732,58.56,643.5744000000001,180.20083200000005
a55eaf65-161c-48cb-bbce-fe2389dbc6c6,WHSmith,Ritastad,1123,89.84,987.3416000000001,276.45564800000005
2e40ff18-4079-4ec9-aa69-b793f5c0e05f,WHSmith,North Trevortown,912,72.96000000000001,801.8304,224.51251200000004
4e1d24f3-4f8a-4715-98b3-e372ab380445,WHSmith,Wheelerton,545,43.6,479.16400000000004,134.16592000000003
45067f6c-c958-4daf-8c6f-dd15a20d10da,WHSmith,Graemeland,733,58.64,644.4536,180.44700800000004
c6671c3c-eb9c-403b-a04f-5c738a3a2d69,WHSmith,Franciston,1143,91.44,1004.9256,281.37916800000005
f5a62520-f0c3-491a-b031-90f5b70797d7,WHSmith,East Leanne,814,65.12,715.6688,200.38726400000002
cef049b0-cff5-43cc-b8be-56870bfa4aca,WHSmith,Lake June,727,58.160000000000004,639.1784,178.969952
72303423-f2e4-44e7-9f9e-af05f5c43dc9,WHSmith,South Jill,760,60.800000000000004,668.192,187.09376000000003
763ffb51-c2ed-4756-8db4-03692ac11e9d,WHSmith,Matthewsberg,1130,90.4,993.4960000000001,278.17888000000005
1ac4d1d1-756d-4a9e-8e0d-4c7c44515288,WHSmith,West Heatherbury,1122,89.76,986.4624000000001,276.20947200000006
688e397f-c1cf-409b-9854-156ab323c783,WHSmith,Walkerfurt,551,44.08,484.43919999999997,135.642976
646f5ae5-9f69-4129-8e7f-0d1a10247e84,WHSmith,Lawrenceton,939,75.12,825.5688,231.15926400000004
2f1ca306-0351-4daa-8d9b-20f75f2153fd,WHSmith,North Staceyside,913,73.04,802.7096000000001,224.75868800000006
69485d4e-faf4-4b9d-b0ab-d0872ce37579,WHSmith,Lake Charlotte,1080,86.4,949.5360000000001,265.87008000000003
86a14c32-cdbe-4e55-baa8-4c3f8631e68c,WHSmith,West Rebeccastad,1077,86.16,946.8983999999999,265.131552
3bb4f25c-7380-497b-bf29-3366eee53357,WHSmith,West Gavintown,528,42.24,464.2176,129.980928
a7b5a665-1d6e-42ce-92c3-60fef69aabab,WHSmith,East Pamelaview,959,76.72,843.1528,236.082784
834e3074-53cb-4b41-85ab-deb7abc5cb2b,WHSmith,Amandaborough,546,43.68,480.0432,134.41209600000002
0bc2c56b-8442-4ff5-b112-448aa811daac,WHSmith,Port Carolineborough,546,43.68,480.0432,134.41209600000002
cc0e2828-d295-4ad4-abb0-6115fdfedbf0,WHSmith,Frankmouth,697,55.76,612.8024,171.584672
1008404d-451c-424e-b8e9-13a59a5c3df5,WHSmith,Elaineberg,1009,80.72,887.1128,248.39158400000002
13c66da4-f8e8-4f5c-ad65-90376fdabd53,WHSmith,Gordonborough,1090,87.2,958.3280000000001,268.33184000000006
1f34c6d6-68ed-4397-abab-be6e9bed8d25,WHSmith,Declanmouth,913,73.04,802.7096000000001,224.75868800000006
5367bc08-aa04-477a-aae3-52e6b4840f99,WHSmith,West Callum,683,54.64,600.4936,168.13820800000002
32bdf2c7-5d9f-4a06-bfeb-790ff6cc95ba,WHSmith,South Iain,895,71.60000000000001,786.8840000000001,220.32752000000005
50d2c28a-718e-450c-932a-de4807d8dd9d,WHSmith,New Gemma,700,56.0,615.44,172.32320000000004
e2c28fec-c92a-4f01-8994-d6d3c68fe8c5,WHSmith,Smithchester,1081,86.48,950.4152,266.116256
70609c27-0d9c-4ee5-91c8-451cc8e1e20c,WHSmith,Wheelershire,737,58.96,647.9704,181.43171200000003
749f2ace-1308-4bbf-bda7-9425e64ac9f5,WHSmith,Swiftport,1143,91.44,1004.9256,281.37916800000005
a0495475-3f66-44ad-9d0d-d56d186f9ed4,WHSmith,New Jayne,605,48.4,531.9159999999999,148.93648
b1068941-b4b4-47f1-bee9-a900a2332047,WHSmith,New Paulport,860,68.8,756.112,211.71136
94359cda-ad12-4cd2-a0db-ce2f35f1e69f,WHSmith,South Patrickborough,943,75.44,829.0856,232.14396800000003
850774cf-269a-46e2-b497-59283de274dc,WHSmith,Lake Michael,693,55.44,609.2855999999999,170.599968
ee3e1beb-66de-4f1a-b676-20382281ce68,WHSmith,Parkinsonfort,689,55.120000000000005,605.7688,169.61526400000002
d921157e-337e-4809-95f2-5b6c9472806e,WHSmith,North Joanbury,969,77.52,851.9448,238.54454400000003
78bcfd62-22fa-4ac3-aea5-9dfbe9d01b31,WHSmith,East Rita,1112,88.96000000000001,977.6704000000001,273.74771200000004
13a6c09e-8331-4eb6-8e91-870023f4dc59,WHSmith,East Derekhaven,648,51.84,569.7216000000001,159.52204800000004
11086d90-4c85-49f1-acb0-b31bf76e2535,WHSmith,Jeremystad,661,52.88,581.1512,162.722336
